5,Cardenas, Julietta,jcardenas4@time.com,27.68.175.80
9,Ciottoi, Jodee,jciottoi8@wufoo.com,210.174.226.246
11,Wedderburn, Mariska,mwedderburna@stanford.edu,188.90.120.164
17,Ahren, Ulrike,uahreng@multiply.com,89.234.222.212
19,Alyukin, Wandie,walyukini@tinyurl.com,199.154.205.206
21,Schechter, Ranna,rschechterk@google.co.uk,172.124.17.192
23,Jerrems, Renie,rjerremsm@slate.com,36.231.242.112
25,Zisneros, Lyndsey,lzisneroso@gov.uk,98.198.71.39
27,Brehat, Modestia,mbrehatq@wordpress.org,241.151.105.82
31,McArte, Randa,rmcarteu@flickr.com,123.136.130.67
37,Rizzone, Ortensia,orizzone10@guardian.co.uk,245.20.235.63
39,Maciejak, Shelly,smaciejak12@yahoo.com,53.131.162.53
43,MacMearty, Mallissa,mmacmearty16@loc.gov,139.52.135.23
45,Treadwell, Stanton,streadwell18@mapquest.com,182.104.177.225
47,Triplow, Margi,mtriplow1a@harvard.edu,19.115.183.237
49,Aronow, Marleah,maronow1c@domainmarket.com,154.76.223.188
63,Fellgate, Kore,kfellgate1q@wp.com,190.42.224.204
69,Claypool, Rebecca,rclaypool1w@nih.gov,101.60.170.22
73,Barczynski, Courtney,cbarczynski20@tmall.com,198.50.11.171
77,Soans, Herculie,hsoans24@npr.org,34.61.234.124
81,Macallam, Ericka,emacallam28@webmd.com,175.6.36.14
85,Crigin, Oates,ocrigin2c@topsy.com,91.223.234.172
91,Costelloe, Hortense,hcostelloe2i@miibeian.gov.cn,85.241.240.246
93,Pickles, Francoise,fpickles2k@bloomberg.com,209.203.193.155
95,Philler, Paten,pphiller2m@squarespace.com,68.76.135.52
97,Delacroix, Jackie,jdelacroix2o@ibm.com,202.77.177.248
99,Underwood, Timmy,tunderwood2q@usa.gov,86.205.253.170
